{
  "name": "lapack-reference",
  "version": "3.10.1",
  "description": "LAPACK - Linear Algebra PACKage",
  "homepage": "http://www.netlib.org/lapack/",
  "license": "BSD-3-Clause-Open-MPI",
  "dependencies": [
    {
      "name": "vcpkg-cmake",
      "host": true
    },
    {
      "name": "vcpkg-cmake-config",
      "host": true
    },
    {
      "name": "vcpkg-gfortran",
      "platform": "windows"
    }
  ],
  "default-features": [
    "blas-select"
  ],
  "features": {
    "blas-select": {
      "description": "Use external optimized BLAS",
      "dependencies": [
        {
          "name": "lapack-reference",
          "default-features": false,
          "features": [
            "noblas"
          ],
          "platform": "!windows | !static"
        }
      ]
    },
    "cblas": {
      "description": "Builds CBLAS"
    },
    "noblas": {
      "description": "Use external optimized BLAS",
      "dependencies": [
        "blas"
      ]
    }
  }
}
